<customUI xmlns="http://schemas.microsoft.com/office/2006/01/customui">
  <ribbon>
    <tabs>

      <tab id="SchedulingTab" label="Scheduling" insertBeforeMso="TabHome">        		
		<group id="customGroup1" label="Scheduling">
          		<button id="allSchedules" label="Create All Schedules" size="normal" 
				onAction="allSchedCallBack" />
			<separator id="separator1" />
			<button id="allDiddies" label="Create All Diddies" size="normal" 
				onAction="allDiddiesCallBack" />
			<separator id="separator2" />
			<button id="importRooms" label="Import Rooms/Notes" size="normal" 
				onAction="importRooms" />
			        	</group>
		
      </tab>

    </tabs>
  </ribbon>
</customUI>